Equinix DE2,"335 Inverness Drive South, Inverness Business Park",-4.224721,57.477773,APPROXIMATE,27448,3.1333333
Vastnet - Denver,800E 73rd Av,-104.9769449,-104.9769449,（믄멱뒈暠）,27448,3.1333333
CorKat Data,P.O. Box 7451,-105.0985327,", -105.09853273668338",（믄멱뒈暠）,27448,3.1333333
